Workbook

Sheet Product Backlog
A1: WBGT CrewSafe SG — Prioritised Product Backlog
A2: ID | B2: Feature ID | C2: Priority (MoSCoW) | D2: Feature / User Story | E2: Story Points | F2: Implementation Technologies | G2: Acceptance Summary | H2: Sprint
A3: US-19 | B3: F-30 | C3: Must | D3: Prepare prioritised backlog, high-level use-case diagram and UI prototype screens | E3: 5 | F3: =_xlfn.XLOOKUP($B3,Features!$A$3:$A$37,Features!$C$3:$C$37,"—") -> Design and documentation tooling (Figma / AI design tools); no runtime technology | G3: Backlog, use-case diagram and navigable mockups accepted by advisor | H3: 0
A4: US-20 | B4: F-31 | C4: Must | D4: Spike: confirm NEA WBGT / lightning feasibility and cache demo fixtures | E4: 3 | F4: =_xlfn.XLOOKUP($B4,Features!$A$3:$A$37,Features!$C$3:$C$37,"—") -> Backend (Spring Boot), NEA data.gov.sg WBGT / lightning APIs, cached JSON fixtures | G4: Live pull demonstrated; dated fixtures cached for offline demo | H4: 0
A5: US-01 | B5: F-01 | C5: Must | D5: Authenticate and see only my assigned site | E5: 5 | F5: =_xlfn.XLOOKUP($B5,Features!$A$3:$A$37,Features!$C$3:$C$37,"—") -> Amazon Cognito + JWT, Spring Security resource server, Web (React, TS), Mobile (React Native) | G5: RBAC and negative authorization tests pass | H5: 1
A6: US-02 | B6: F-02 | C6: Must | D6: Create a shift with workers, tasks and intensity | E6: 8 | F6: =_xlfn.XLOOKUP($B6,Features!$A$3:$A$37,Features!$C$3:$C$37,"—") -> Web (React, MUI), Backend (Spring Boot, Spring Data JPA, PostgreSQL) | G6: Shift validation and assignments persist | H6: 1
A7: US-03 | B7: F-03 | C7: Must | D7: Worker views shift and submits readiness flags | E7: 5 | F7: =_xlfn.XLOOKUP($B7,Features!$A$3:$A$37,Features!$C$3:$C$37,"—") -> Mobile (React Native, Expo), Backend (Spring Boot, PostgreSQL) | G7: Only assigned worker can submit; no medical free text | H7: 1
A8: US-04 | B8: F-04 | C8: Must | D8: Ingest and store WBGT / weather with freshness | E8: 8 | F8: =_xlfn.XLOOKUP($B8,Features!$A$3:$A$37,Features!$C$3:$C$37,"—") -> Backend (Spring Boot scheduler), NEA data.gov.sg APIs, PostgreSQL | G8: Live and fixture modes work; duplicate ingestion safe | H8: 1
A9: US-04L | B9: F-05 | C9: Must | D9: Lightning stop-work warning shown above WBGT | E9: 5 | F9: =_xlfn.XLOOKUP($B9,Features!$A$3:$A$37,Features!$C$3:$C$37,"—") -> Backend (Spring Boot), NEA lightning observation API, React + React Native | G9: Risk state clear/advisory/stop-work; warning atop WBGT; overrides heat plan | H9: 1
A10: US-05 | B10: F-06 | C10: Must | D10: Supervisor sees current conditions and active shift context | E10: 5 | F10: =_xlfn.XLOOKUP($B10,Features!$A$3:$A$37,Features!$C$3:$C$37,"—") -> Web (React, Chart.js), Server-Sent Events, Backend (Spring Boot) | G10: Web view uses shared backend and shows freshness | H10: 1
A11: US-21 | B11: F-19 | C11: Must | D11: Provision cloud staging infrastructure and secrets management | E11: 5 | F11: =_xlfn.XLOOKUP($B11,Features!$A$3:$A$37,Features!$C$3:$C$37,"—") -> Terraform with the HashiCorp AWS Provider: CloudFront/S3, ECS Fargate, ALB, ECR, RDS, Cognito, Bedrock, EventBridge Scheduler, Secrets Manager | G11: Web + mobile reach one deployed backend; no secrets in source | H11: 1
A12: US-22 | B12: F-20 | C12: Must | D12: Establish CI pipeline skeleton (build, unit tests, SAST, secret scan) | E12: 5 | F12: =_xlfn.XLOOKUP($B12,Features!$A$3:$A$37,Features!$C$3:$C$37,"—") -> CI/CD pipeline: automated tests and application, dependency, secret, infrastructure and container scanning; build, test, scan, publish and deploy approved releases | G12: PR triggers build, tests and scans; main branch protected | H12: 1
A13: US-23 | B13: F-26 | C13: Should | D13: Baseline observability: health checks, correlation IDs, structured logs | E13: 3 | F13: =_xlfn.XLOOKUP($B13,Features!$A$3:$A$37,Features!$C$3:$C$37,"—") -> Structured JSON logs, correlation IDs, health checks (Spring Boot Actuator), Amazon CloudWatch | G13: Health endpoints live; correlation IDs traced end-to-end | H13: 1
A14: US-06 | B14: F-07 | C14: Must | D14: System forecasts 30 / 60-minute WBGT | E14: 8 | F14: =_xlfn.XLOOKUP($B14,Features!$A$3:$A$37,Features!$C$3:$C$37,"—") -> Python ML (pandas, scikit-learn; HistGradientBoostingRegressor primary, Ridge / persistence baselines, XGBoost optional challenger; time-based validation) | G14: Baselines measured; versioned prediction returned | H14: 2
... A39: US-35 | B39: F-35 | C39: Could | D39: Push notifications via Firebase Cloud Messaging | E39: 5 | F39: =_xlfn.XLOOKUP($B39,Features!$A$3:$A$37,Features!$C$3:$C$37,"—") -> Mobile (React Native, Expo + Firebase Cloud Messaging), Backend (Spring Boot) | G39: Approved action pushes to worker device | H39: Stretch

Sheet Features
A1: Features — Proposed Features & Implementation Technologies
A2: Feature ID | B2: Feature (use case / user story) | C2: Additional Details (Implementation Technologies) | D2: Backlog Stories
A3: F-01 | B3: Authenticate & site-scoped access | C3: Amazon Cognito + JWT, Spring Security resource server, Web (React, TS), Mobile (React Native) | D3: {=_xlfn.TEXTJOIN(", ",TRUE,IF('Product Backlog'!$B$3:$B$39=$A3,'Product Backlog'!$A$3:$A$39,""))} -> US-01
A4: F-02 | B4: Configure shift, tasks & assignments | C4: Web (React, MUI), Backend (Spring Boot, Spring Data JPA, PostgreSQL) | D4: {=_xlfn.TEXTJOIN(", ",TRUE,IF('Product Backlog'!$B$3:$B$39=$A4,'Product Backlog'!$A$3:$A$39,""))} -> US-02
A5: F-03 | B5: Complete worker readiness check | C5: Mobile (React Native, Expo), Backend (Spring Boot, PostgreSQL) | D5: {=_xlfn.TEXTJOIN(", ",TRUE,IF('Product Backlog'!$B$3:$B$39=$A5,'Product Backlog'!$A$3:$A$39,""))} -> US-03
A6: F-04 | B6: Ingest WBGT & weather with freshness | C6: Backend (Spring Boot scheduler), NEA data.gov.sg APIs, PostgreSQL | D6: {=_xlfn.TEXTJOIN(", ",TRUE,IF('Product Backlog'!$B$3:$B$39=$A6,'Product Backlog'!$A$3:$A$39,""))} -> US-04
A7: F-05 | B7: Lightning warning above WBGT (stop-work) | C7: Backend (Spring Boot), NEA lightning observation API, React + React Native | D7: {=_xlfn.TEXTJOIN(", ",TRUE,IF('Product Backlog'!$B$3:$B$39=$A7,'Product Backlog'!$A$3:$A$39,""))} -> US-04L
A8: F-06 | B8: View current & forecast risk (live conditions) | C8: Web (React, Chart.js), Server-Sent Events, Backend (Spring Boot) | D8: {=_xlfn.TEXTJOIN(", ",TRUE,IF('Product Backlog'!$B$3:$B$39=$A8,'Product Backlog'!$A$3:$A$39,""))} -> US-05
A9: F-07 | B9: Forecast 30 / 60-minute WBGT | C9: Python ML (pandas, scikit-learn; HistGradientBoostingRegressor primary, Ridge / persistence baselines, XGBoost optional challenger; time-based validation) | D9: {=_xlfn.TEXTJOIN(", ",TRUE,IF('Product Backlog'!$B$3:$B$39=$A9,'Product Backlog'!$A$3:$A$39,""))} -> US-06
A10: F-08 | B10: Evaluate deterministic heat policy | C10: Backend (Java 21 rules engine, PostgreSQL policy config) | D10: {=_xlfn.TEXTJOIN(", ",TRUE,IF('Product Backlog'!$B$3:$B$39=$A10,'Product Backlog'!$A$3:$A$39,""))} -> US-07
A11: F-09 | B11: Generate explainable agent draft plan | C11: Agentic AI (Python, FastAPI, LangChain / LangGraph, Amazon Bedrock, tool calling, Pydantic schemas) | D11: {=_xlfn.TEXTJOIN(", ",TRUE,IF('Product Backlog'!$B$3:$B$39=$A11,'Product Backlog'!$A$3:$A$39,""))} -> US-08
A12: F-10 | B12: Approve / edit / reject plan | C12: Web (React), Backend (Spring Boot) | D12: {=_xlfn.TEXTJOIN(", ",TRUE,IF('Product Backlog'!$B$3:$B$39=$A12,'Product Backlog'!$A$3:$A$39,""))} -> US-09
A13: F-11 | B13: Dispatch & acknowledge worker action | C13: Mobile (React Native), Backend (idempotency, PostgreSQL) | D13: {=_xlfn.TEXTJOIN(", ",TRUE,IF('Product Backlog'!$B$3:$B$39=$A13,'Product Backlog'!$A$3:$A$39,""))} -> US-10, US-17
A14: F-12 | B14: Log rest / hydration & raise safety concern | C14: Mobile (React Native), Backend (Spring Boot) | D14: {=_xlfn.TEXTJOIN(", ",TRUE,IF('Product Backlog'!$B$3:$B$39=$A14,'Product Backlog'!$A$3:$A$39,""))} -> US-11
... A37: F-35 | B37: [Stretch] Push notifications | C37: Mobile (React Native, Expo + Firebase Cloud Messaging), Backend (Spring Boot) | D37: {=_xlfn.TEXTJOIN(", ",TRUE,IF('Product Backlog'!$B$3:$B$39=$A37,'Product Backlog'!$A$3:$A$39,""))} -> US-35

Sheet Business Process
A1: Business Process — Heat-Safety Operations Workflow
A2: Actor | B2: Features
A3: Core observe → decide → approve → dispatch → acknowledge → audit loop
A4: NEA Weather Service | B4: Ingest WBGT, weather & lightning (system-triggered)
A5: System (Lightning) | B5: Classify lightning risk; raise stop-work warning above WBGT
A6: System (ML) | B6: Forecast 30 / 60-minute WBGT
A7: System (Policy) | B7: Evaluate deterministic heat policy
A8: System (Agent) | B8: Draft explainable intervention plan
A9: Site Supervisor | B9: Review & approve / edit / reject plan
A10: Site Supervisor | B10: Configure shift & tasks
A11: Site Supervisor | B11: Monitor current & forecast risk
A12: Site Supervisor | B12: Monitor completion & send approved reminder
A13: Site Supervisor | B13: Review readiness freshness & missing checks
A14: Site Supervisor | B14: Enter a local WBGT reading with source & timestamp [Stretch]
A15: Outdoor Worker | B15: Receive lightning stop-work alert & seek shelter
... A22: Outdoor Worker | B22: View an approved instruction in another language [Stretch]
A23: Oversight & governance
A24: Safety Manager | B24: Configure & version the active heat policy (source & effective date)
A25: Safety Manager | B25: View dashboards & audit / export timeline
A26: Safety Manager | B26: Review agent guardrail & security-testing evidence
A27: Safety Manager | B27: Review ML model card & forecast reliability
A28: Site Manager | B28: Compare performance across multiple sites [Stretch]
A29: Administrator | B29: Manage users, roles, sites & integrations

Sheet Technologies
A1: Architecture-Centric Features — Technology Stack
A2: Layer | B2: Technology | C2: Purpose in WBGT CrewSafe SG
A3: Web app | B3: React, TypeScript, Vite, Material UI, Chart.js | C3: Supervisor / manager / admin console, dashboards, approval workflow
A4: Mobile app | B4: React Native, Expo, TypeScript | C4: Worker readiness, instructions, acknowledgement, rest / hydration logs
A5: Identity | B5: Amazon Cognito, JWT, Spring Security resource server | C5: Sign-in, role claims and site-scoped access for web and mobile
A6: Shared backend | B6: Java 21, Spring Boot, Spring Security, Spring Data JPA | C6: System of record, RBAC, policy engine host, audit
A7: Machine learning | B7: Python, pandas, scikit-learn; persistence and Ridge baselines; HistGradientBoostingRegressor primary; optional XGBoost challenger | C7: Train and run direct 30- and 60-minute WBGT forecasts using time-based validation
A8: Agentic AI | B8: Python, FastAPI, LangChain, LangGraph, Amazon Bedrock, tool calling, Pydantic schemas | C8: Use an approved foundation model to invoke guarded tools and produce validated draft plans
A9: AI observability | B9: LangSmith | C9: Trace agent runs, evaluate plan quality and monitor tool calls; not the authoritative audit record
A10: Database | B10: PostgreSQL, migration-managed schema, protected append-only audit events | C10: Users, sites, shifts, observations, recommendations, append-only audit
A11: Realtime | B11: Server-Sent Events (supervisor), refresh / polling on mobile | C11: Live condition, plan and acknowledgement updates
A12: API contract | B12: OpenAPI 3, REST /api/v1, generated TypeScript clients | C12: Contract between clients and shared backend
A13: Cloud | B13: AWS CloudFront/S3, ECS Fargate, ALB, ECR, RDS, Cognito, Bedrock, EventBridge Scheduler, Secrets Manager | C13: Host web, containers, database, identity, model inference, scheduled forecasts and secrets
... A16: DevSecOps | B16: CI/CD, automated tests and application, dependency, secret, infrastructure and container scanning | C16: Build, test, scan, publish and deploy approved releases

Sheet Project Status
A1: Project Status Report (C = Completed · I = In Progress · blank = Not started)
A2: Feature | B2: Implementation Technologies | C2: Sprint | D2: Requirements | E2: Development | F2: Integration Testing | G2: Deployed to Cloud
A3: =Features!B32 -> [Inception] Prioritised backlog, use-case diagram & UI prototype | B3: =Features!C32 -> Design and documentation tooling (Figma / AI design tools); no runtime technology | C3: =IFERROR(_xlfn.XLOOKUP(Features!$A32,'Product Backlog'!$B$3:$B$39,'Product Backlog'!$H$3:$H$39),"—") -> 0
A4: =Features!B33 -> [Spike] NEA feed feasibility & cached demo fixtures | B4: =Features!C33 -> Backend (Spring Boot), NEA data.gov.sg WBGT / lightning APIs, cached JSON fixtures | C4: =IFERROR(_xlfn.XLOOKUP(Features!$A33,'Product Backlog'!$B$3:$B$39,'Product Backlog'!$H$3:$H$39),"—") -> 0
A5: =Features!B3 -> Authenticate & site-scoped access | B5: =Features!C3 -> Amazon Cognito + JWT, Spring Security resource server, Web (React, TS), Mobile (React Native) | C5: =IFERROR(_xlfn.XLOOKUP(Features!$A3,'Product Backlog'!$B$3:$B$39,'Product Backlog'!$H$3:$H$39),"—") -> 1
A6: =Features!B4 -> Configure shift, tasks & assignments | B6: =Features!C4 -> Web (React, MUI), Backend (Spring Boot, Spring Data JPA, PostgreSQL) | C6: =IFERROR(_xlfn.XLOOKUP(Features!$A4,'Product Backlog'!$B$3:$B$39,'Product Backlog'!$H$3:$H$39),"—") -> 1
A7: =Features!B5 -> Complete worker readiness check | B7: =Features!C5 -> Mobile (React Native, Expo), Backend (Spring Boot, PostgreSQL) | C7: =IFERROR(_xlfn.XLOOKUP(Features!$A5,'Product Backlog'!$B$3:$B$39,'Product Backlog'!$H$3:$H$39),"—") -> 1
A8: =Features!B6 -> Ingest WBGT & weather with freshness | B8: =Features!C6 -> Backend (Spring Boot scheduler), NEA data.gov.sg APIs, PostgreSQL | C8: =IFERROR(_xlfn.XLOOKUP(Features!$A6,'Product Backlog'!$B$3:$B$39,'Product Backlog'!$H$3:$H$39),"—") -> 1
A9: =Features!B7 -> Lightning warning above WBGT (stop-work) | B9: =Features!C7 -> Backend (Spring Boot), NEA lightning observation API, React + React Native | C9: =IFERROR(_xlfn.XLOOKUP(Features!$A7,'Product Backlog'!$B$3:$B$39,'Product Backlog'!$H$3:$H$39),"—") -> 1
A10: =Features!B8 -> View current & forecast risk (live conditions) | B10: =Features!C8 -> Web (React, Chart.js), Server-Sent Events, Backend (Spring Boot) | C10: =IFERROR(_xlfn.XLOOKUP(Features!$A8,'Product Backlog'!$B$3:$B$39,'Product Backlog'!$H$3:$H$39),"—") -> 1
A11: =Features!B21 -> [Cross-cutting] Cloud deployment | B11: =Features!C21 -> Terraform with the HashiCorp AWS Provider: CloudFront/S3, ECS Fargate, ALB, ECR, RDS, Cognito, Bedrock, EventBridge Scheduler, Secrets Manager | C11: =IFERROR(_xlfn.XLOOKUP(Features!$A21,'Product Backlog'!$B$3:$B$39,'Product Backlog'!$H$3:$H$39),"—") -> 1
A12: =Features!B22 -> [Cross-cutting] DevSecOps pipeline | B12: =Features!C22 -> CI/CD pipeline: automated tests and application, dependency, secret, infrastructure and container scanning; build, test, scan, publish and deploy approved releases | C12: =IFERROR(_xlfn.XLOOKUP(Features!$A22,'Product Backlog'!$B$3:$B$39,'Product Backlog'!$H$3:$H$39),"—") -> 1
A13: =Features!B28 -> [Cross-cutting] Observability & health monitoring | B13: =Features!C28 -> Structured JSON logs, correlation IDs, health checks (Spring Boot Actuator), Amazon CloudWatch | C13: =IFERROR(_xlfn.XLOOKUP(Features!$A28,'Product Backlog'!$B$3:$B$39,'Product Backlog'!$H$3:$H$39),"—") -> 1
A14: =Features!B9 -> Forecast 30 / 60-minute WBGT | B14: =Features!C9 -> Python ML (pandas, scikit-learn; HistGradientBoostingRegressor primary, Ridge / persistence baselines, XGBoost optional challenger; time-based validation) | C14: =IFERROR(_xlfn.XLOOKUP(Features!$A9,'Product Backlog'!$B$3:$B$39,'Product Backlog'!$H$3:$H$39),"—") -> 2
A15: =Features!B10 -> Evaluate deterministic heat policy | B15: =Features!C10 -> Backend (Java 21 rules engine, PostgreSQL policy config) | C15: =IFERROR(_xlfn.XLOOKUP(Features!$A10,'Product Backlog'!$B$3:$B$39,'Product Backlog'!$H$3:$H$39),"—") -> 2
A16: =Features!B11 -> Generate explainable agent draft plan | B16: =Features!C11 -> Agentic AI (Python, FastAPI, LangChain / LangGraph, Amazon Bedrock, tool calling, Pydantic schemas) | C16: =IFERROR(_xlfn.XLOOKUP(Features!$A11,'Product Backlog'!$B$3:$B$39,'Product Backlog'!$H$3:$H$39),"—") -> 2
A17: =Features!B12 -> Approve / edit / reject plan | B17: =Features!C12 -> Web (React), Backend (Spring Boot) | C17: =IFERROR(_xlfn.XLOOKUP(Features!$A12,'Product Backlog'!$B$3:$B$39,'Product Backlog'!$H$3:$H$39),"—") -> 2
A18: =Features!B13 -> Dispatch & acknowledge worker action | B18: =Features!C13 -> Mobile (React Native), Backend (idempotency, PostgreSQL) | C18: =IFERROR(_xlfn.XLOOKUP(Features!$A13,'Product Backlog'!$B$3:$B$39,'Product Backlog'!$H$3:$H$39),"—") -> 2
A19: =Features!B14 -> Log rest / hydration & raise safety concern | B19: =Features!C14 -> Mobile (React Native), Backend (Spring Boot) | C19: =IFERROR(_xlfn.XLOOKUP(Features!$A14,'Product Backlog'!$B$3:$B$39,'Product Backlog'!$H$3:$H$39),"—") -> 2
A20: =Features!B15 -> Monitor completion (live status board) | B20: =Features!C15 -> Web (React, Chart.js), Server-Sent Events, Backend (Spring Boot) | C20: =IFERROR(_xlfn.XLOOKUP(Features!$A15,'Product Backlog'!$B$3:$B$39,'Product Backlog'!$H$3:$H$39),"—") -> 2
A21: =Features!B24 -> Configure & version heat policy | B21: =Features!C24 -> Web (React), Backend (Java 21, Spring Boot, Spring Data JPA), PostgreSQL policy_version tables | C21: =IFERROR(_xlfn.XLOOKUP(Features!$A24,'Product Backlog'!$B$3:$B$39,'Product Backlog'!$H$3:$H$39),"—") -> 2
A22: =Features!B23 -> [Cross-cutting] AI observability | B22: =Features!C23 -> LangSmith (agent run tracing, plan-quality evaluation, tool-call monitoring, prompt testing; not the authoritative audit record) | C22: =IFERROR(_xlfn.XLOOKUP(Features!$A23,'Product Backlog'!$B$3:$B$39,'Product Backlog'!$H$3:$H$39),"—") -> 2
A23: =Features!B16 -> Compliance & response-time dashboard | B23: =Features!C16 -> Web (React, Chart.js), Backend aggregation | C23: =IFERROR(_xlfn.XLOOKUP(Features!$A16,'Product Backlog'!$B$3:$B$39,'Product Backlog'!$H$3:$H$39),"—") -> 3
A24: =Features!B17 -> Model-performance dashboard | B24: =Features!C17 -> Web (Chart.js), Python ML metrics (time-based validation), Backend | C24: =IFERROR(_xlfn.XLOOKUP(Features!$A17,'Product Backlog'!$B$3:$B$39,'Product Backlog'!$H$3:$H$39),"—") -> 3
A25: =Features!B18 -> Export audit timeline (CSV / PDF) | B25: =Features!C18 -> Backend (export service), Web, PostgreSQL append-only audit | C25: =IFERROR(_xlfn.XLOOKUP(Features!$A18,'Product Backlog'!$B$3:$B$39,'Product Backlog'!$H$3:$H$39),"—") -> 3
A26: =Features!B19 -> Graceful degraded mode | B26: =Features!C19 -> Backend fallback adapters (NEA / ML / LLM) | C26: =IFERROR(_xlfn.XLOOKUP(Features!$A19,'Product Backlog'!$B$3:$B$39,'Product Backlog'!$H$3:$H$39),"—") -> 3
A27: =Features!B25 -> Agent guardrail verification (STPA, allowlist, approval gate) | B27: =Features!C25 -> Agentic AI (LangGraph guardrails, Pydantic schemas), Backend validation (Java 21), automated test harness | C27: =IFERROR(_xlfn.XLOOKUP(Features!$A25,'Product Backlog'!$B$3:$B$39,'Product Backlog'!$H$3:$H$39),"—") -> 3
A28: =Features!B26 -> Readiness-check freshness & missing-check indicators | B28: =Features!C26 -> Mobile (React Native) + Web (React), Backend (Spring Boot), PostgreSQL | C28: =IFERROR(_xlfn.XLOOKUP(Features!$A26,'Product Backlog'!$B$3:$B$39,'Product Backlog'!$H$3:$H$39),"—") -> 3
A29: =Features!B27 -> ML model card (SHAP explainability & reliability) | B29: =Features!C27 -> Python ML (scikit-learn, SHAP), model-card documentation, time-based validation metrics | C29: =IFERROR(_xlfn.XLOOKUP(Features!$A27,'Product Backlog'!$B$3:$B$39,'Product Backlog'!$H$3:$H$39),"—") -> 3
A30: =Features!B29 -> [Cross-cutting] Security testing & remediation evidence | B30: =Features!C29 -> OWASP-style tests (authz, injection, XSS, prompt injection, audit tamper); CI/CD dependency, secret, infrastructure and container scanning | C30: =IFERROR(_xlfn.XLOOKUP(Features!$A29,'Product Backlog'!$B$3:$B$39,'Product Backlog'!$H$3:$H$39),"—") -> 3
A31: =Features!B30 -> [Cross-cutting] Accessibility & performance | B31: =Features!C30 -> Web (React) + Mobile (React Native), axe / Lighthouse, load testing (WCAG 2.1 AA basics; p95 latency) | C31: =IFERROR(_xlfn.XLOOKUP(Features!$A30,'Product Backlog'!$B$3:$B$39,'Product Backlog'!$H$3:$H$39),"—") -> 3
A32: =Features!B31 -> Admin: users, roles, sites & integrations | B32: =Features!C31 -> Web (React), Amazon Cognito, Spring Security, Backend (Spring Boot), PostgreSQL | C32: =IFERROR(_xlfn.XLOOKUP(Features!$A31,'Product Backlog'!$B$3:$B$39,'Product Backlog'!$H$3:$H$39),"—") -> 3
A33: =Features!B20 -> [Stretch] Multilingual instruction template | B33: =Features!C20 -> Agentic AI (human-approved template via LangChain on Amazon Bedrock), Mobile | C33: =IFERROR(_xlfn.XLOOKUP(Features!$A20,'Product Backlog'!$B$3:$B$39,'Product Backlog'!$H$3:$H$39),"—") -> Stretch
A34: =Features!B34 -> [Stretch] QR rest-zone check-in | B34: =Features!C34 -> Mobile (React Native, Expo Camera), Backend (Spring Boot), PostgreSQL append-only audit | C34: =IFERROR(_xlfn.XLOOKUP(Features!$A34,'Product Backlog'!$B$3:$B$39,'Product Backlog'!$H$3:$H$39),"—") -> Stretch
A35: =Features!B35 -> [Stretch] Multi-site management view | B35: =Features!C35 -> Web (React, Chart.js), Backend (Spring Boot), site-scoped RBAC | C35: =IFERROR(_xlfn.XLOOKUP(Features!$A35,'Product Backlog'!$B$3:$B$39,'Product Backlog'!$H$3:$H$39),"—") -> Stretch
A36: =Features!B36 -> [Stretch] Supervisor-entered local WBGT reading | B36: =Features!C36 -> Web (React) + Mobile (React Native), Backend (Spring Boot), PostgreSQL with source & timestamp | C36: =IFERROR(_xlfn.XLOOKUP(Features!$A36,'Product Backlog'!$B$3:$B$39,'Product Backlog'!$H$3:$H$39),"—") -> Stretch
A37: =Features!B37 -> [Stretch] Push notifications | B37: =Features!C37 -> Mobile (React Native, Expo + Firebase Cloud Messaging), Backend (Spring Boot) | C37: =IFERROR(_xlfn.XLOOKUP(Features!$A37,'Product Backlog'!$B$3:$B$39,'Product Backlog'!$H$3:$H$39),"—") -> Stretch
